,0
GME,13908
AAL,196
AAPL,239
ABNB,28
ACST,1
AIKI,1
AMD,384
AMRN,11
AMRS,16
APHA,151
ASRT,0
ATNX,5
ATOS,74
AVGR,0
AZN,19
BIDU,28
BILI,2129
BIOL,29
BNGO,38
BYND,30
CAN,13102
CFMS,0
CHFS,0
CIDM,2
CLOV,378
CRBP,2
CTRM,51
CTXR,0
DFFN,1
DGLY,0
DKNG,111
EBON,8
ECOR,756
FB,1091
FCEL,27
FGEN,1
FRSX,1
FUTU,2201
GEVO,16
HEPA,15
HIMX,19
IDEX,32
INO,705
INPX,3
INSG,4
INTC,45
ITRM,0
JCS,6
JD,130
KMPH,3
KOPN,0
KXIN,0
LI,22819
LKCO,0
MARA,67
MICT,3
MIK,45
MNKD,4
MRNA,73
MSFT,103
MU,7807
MVIS,165
NAKD,321
NBRV,0
NEPT,11
NKLA,61
NNDM,35
NOVN,1
NXTD,3
OCGN,50
OGI,1056
ONTX,5
PDD,5
PERI,1924
PLUG,179
POWW,0
PYPL,31
RDHL,0
RIOT,106
ROKU,64
SHIP,1945
SIRI,35
SLGG,1
SNDL,398
SRNE,20
SSKN,0
TELL,2399
TIGR,54
TLRY,193
TNXP,4
TRCH,0
TSLA,606
TXMD,3
UAL,5287
VACQ,2
VISL,0
VTRS,6
VUZI,9
WIMI,0
WKHS,153
ZM,131
